New, Original
Petrikova_1524514583.068572.png, Petříková_1524514583.068572.png
Petrikova_1524514583.068572.txt, Petříková_1524514583.068572.txt
tu_1524514591.313838.png, tu_1524514591.313838.png
tu_1524514591.313838.txt, tu_1524514591.313838.txt
dle_1524514818.3032138.png, dle_1524514818.3032138.png
dle_1524514818.3032138.txt, dle_1524514818.3032138.txt
reziser_1524514823.447825.png, režisér_1524514823.447825.png
reziser_1524514823.447825.txt, režisér_1524514823.447825.txt
predstaveni_1524515022.6022727.png, představení_1524515022.6022727.png
predstaveni_1524515022.6022727.txt, představení_1524515022.6022727.txt
chvili_1524515103.8012388.png, chvíli_1524515103.8012388.png
chvili_1524515103.8012388.txt, chvíli_1524515103.8012388.txt
posledni_1524515114.2992716.png, poslední_1524515114.2992716.png
posledni_1524515114.2992716.txt, poslední_1524515114.2992716.txt
zatimni_1524515234.6426156.png, zatímní_1524515234.6426156.png
zatimni_1524515234.6426156.txt, zatímní_1524515234.6426156.txt
zhotovil_1524515244.8285897.png, zhotovil_1524515244.8285897.png
zhotovil_1524515244.8285897.txt, zhotovil_1524515244.8285897.txt
v_1524515795.7452133.png, v_1524515795.7452133.png
v_1524515795.7452133.txt, v_1524515795.7452133.txt
o_1524515848.1636357.png, o_1524515848.1636357.png
o_1524515848.1636357.txt, o_1524515848.1636357.txt
pro_1524515926.7396965.png, pro_1524515926.7396965.png
pro_1524515926.7396965.txt, pro_1524515926.7396965.txt
ma_1524515932.169072.png, má_1524515932.169072.png
ma_1524515932.169072.txt, má_1524515932.169072.txt
pochopeni_1524515946.161441.png, pochopení_1524515946.161441.png
pochopeni_1524515946.161441.txt, pochopení_1524515946.161441.txt
divadlo_1524515955.135455.png, divadlo_1524515955.135455.png
divadlo_1524515955.135455.txt, divadlo_1524515955.135455.txt
vecer_1524516079.2984262.png, večer_1524516079.2984262.png
vecer_1524516079.2984262.txt, večer_1524516079.2984262.txt
potizim_1524516137.8488872.png, potížím_1524516137.8488872.png
potizim_1524516137.8488872.txt, potížím_1524516137.8488872.txt
temto_1524516179.4053862.png, těmto_1524516179.4053862.png
temto_1524516179.4053862.txt, těmto_1524516179.4053862.txt
pak_1524516257.6320536.png, pak_1524516257.6320536.png
pak_1524516257.6320536.txt, pak_1524516257.6320536.txt
mezi_1524516281.8589544.png, mezi_1524516281.8589544.png
mezi_1524516281.8589544.txt, mezi_1524516281.8589544.txt
cvicicimi_1524516416.711861.png, cvičícími_1524516416.711861.png
cvicicimi_1524516416.711861.txt, cvičícími_1524516416.711861.txt
cleny_1524516430.9855707.png, členy_1524516430.9855707.png
cleny_1524516430.9855707.txt, členy_1524516430.9855707.txt
opakovaly_1524516443.6871626.png, opakovaly_1524516443.6871626.png
opakovaly_1524516443.6871626.txt, opakovaly_1524516443.6871626.txt
bylo_1524516518.7091491.png, bylo_1524516518.7091491.png
bylo_1524516518.7091491.txt, bylo_1524516518.7091491.txt
to_1524516520.8520362.png, to_1524516520.8520362.png
to_1524516520.8520362.txt, to_1524516520.8520362.txt
na_1524516561.1258016.png, na_1524516561.1258016.png
na_1524516561.1258016.txt, na_1524516561.1258016.txt
soucasne_1524516587.039353.png, současně_1524516587.039353.png
soucasne_1524516587.039353.txt, současně_1524516587.039353.txt
spojeno_1524516653.3881886.png, spojeno_1524516653.3881886.png
spojeno_1524516653.3881886.txt, spojeno_1524516653.3881886.txt
ktere_1524518753.7175298.png, které_1524518753.7175298.png
ktere_1524518753.7175298.txt, které_1524518753.7175298.txt
hrano_1524518800.3594253.png, hráno_1524518800.3594253.png
hrano_1524518800.3594253.txt, hráno_1524518800.3594253.txt
Rok_1524518808.1703672.png, Rok_1524518808.1703672.png
Rok_1524518808.1703672.txt, Rok_1524518808.1703672.txt
dobrem_1524518876.6049273.png, dobrém_1524518876.6049273.png
dobrem_1524518876.6049273.txt, dobrém_1524518876.6049273.txt
docileno_1524518951.1012805.png, docíleno_1524518951.1012805.png
docileno_1524518951.1012805.txt, docíleno_1524518951.1012805.txt
jeviste_1524518955.2834117.png, jeviště_1524518955.2834117.png
jeviste_1524518955.2834117.txt, jeviště_1524518955.2834117.txt
pekneho_1524518977.6385343.png, pěkného_1524518977.6385343.png
pekneho_1524518977.6385343.txt, pěkného_1524518977.6385343.txt
tu_1524519097.7711337.png, tu_1524519097.7711337.png
tu_1524519097.7711337.txt, tu_1524519097.7711337.txt
oknem_1524519201.3613262.png, oknem_1524519201.3613262.png
oknem_1524519201.3613262.txt, oknem_1524519201.3613262.txt
lezeni_1524519239.257094.png, lezení_1524519239.257094.png
lezeni_1524519239.257094.txt, lezení_1524519239.257094.txt
Ruzena_1524519251.300957.png, Růžena_1524519251.300957.png
Ruzena_1524519251.300957.txt, Růžena_1524519251.300957.txt
solove_1524519392.756977.png, sólové_1524519392.756977.png
solove_1524519392.756977.txt, sólové_1524519392.756977.txt
hospode_1524519412.5684505.png, hospodě_1524519412.5684505.png
hospode_1524519412.5684505.txt, hospodě_1524519412.5684505.txt
a_1524519414.6478684.png, a_1524519414.6478684.png
a_1524519414.6478684.txt, a_1524519414.6478684.txt
kolo_1524519446.1751122.png, kolo_1524519446.1751122.png
kolo_1524519446.1751122.txt, kolo_1524519446.1751122.txt
niz_1524519549.111019.png, niž_1524519549.111019.png
niz_1524519549.111019.txt, niž_1524519549.111019.txt
meli_1524519611.4294782.png, měli_1524519611.4294782.png
meli_1524519611.4294782.txt, měli_1524519611.4294782.txt
uspechu_1524519622.284368.png, úspěchu_1524519622.284368.png
uspechu_1524519622.284368.txt, úspěchu_1524519622.284368.txt
aktovky_1524578743.2928553.png, aktovky_1524578743.2928553.png
aktovky_1524578743.2928553.txt, aktovky_1524578743.2928553.txt
lasky_1524578788.0607023.png, lásky_1524578788.0607023.png
lasky_1524578788.0607023.txt, lásky_1524578788.0607023.txt
ucinkovali_1524578921.6366966.png, účinkovali_1524578921.6366966.png
ucinkovali_1524578921.6366966.txt, účinkovali_1524578921.6366966.txt
ochotniku_1524579971.4111047.png, ochotníků_1524579971.4111047.png
ochotniku_1524579971.4111047.txt, ochotníků_1524579971.4111047.txt
hru_1524580093.788054.png, hru_1524580093.788054.png
hru_1524580093.788054.txt, hru_1524580093.788054.txt
hry_1524580304.8022823.png, hry_1524580304.8022823.png
hry_1524580304.8022823.txt, hry_1524580304.8022823.txt
na_1524580520.5250125.png, na_1524580520.5250125.png
na_1524580520.5250125.txt, na_1524580520.5250125.txt
obsazeni_1524580658.5813694.png, obsazení_1524580658.5813694.png
obsazeni_1524580658.5813694.txt, obsazení_1524580658.5813694.txt
opakovana_1524580774.0210066.png, opakována_1524580774.0210066.png
opakovana_1524580774.0210066.txt, opakována_1524580774.0210066.txt
od_1524580865.1323652.png, od_1524580865.1323652.png
od_1524580865.1323652.txt, od_1524580865.1323652.txt
toto_1524585221.521111.png, toto_1524585221.521111.png
toto_1524585221.521111.txt, toto_1524585221.521111.txt
lide_1524588597.058057.png, lidé_1524588597.058057.png
lide_1524588597.058057.txt, lidé_1524588597.058057.txt
po_1524588601.4870958.png, po_1524588601.4870958.png
po_1524588601.4870958.txt, po_1524588601.4870958.txt
je_1524588639.2834225.png, je_1524588639.2834225.png
je_1524588639.2834225.txt, je_1524588639.2834225.txt
lepsi_1524588654.409141.png, lepší_1524588654.409141.png
lepsi_1524588654.409141.txt, lepší_1524588654.409141.txt
se_1524588703.326166.png, se_1524588703.326166.png
se_1524588703.326166.txt, se_1524588703.326166.txt
sami_1524588729.3156269.png, sami_1524588729.3156269.png
sami_1524588729.3156269.txt, sami_1524588729.3156269.txt
vyuziti_1524588888.039481.png, využití_1524588888.039481.png
vyuziti_1524588888.039481.txt, využití_1524588888.039481.txt
stmivat_1524588989.9112396.png, stmívat_1524588989.9112396.png
stmivat_1524588989.9112396.txt, stmívat_1524588989.9112396.txt
nich_1524588997.8379085.png, nich_1524588997.8379085.png
nich_1524588997.8379085.txt, nich_1524588997.8379085.txt
spolecnost_1524589004.6804626.png, společnost_1524589004.6804626.png
spolecnost_1524589004.6804626.txt, společnost_1524589004.6804626.txt
hrala_1524589007.701087.png, hrála_1524589007.701087.png
hrala_1524589007.701087.txt, hrála_1524589007.701087.txt
zari_1524589295.7048495.png, záři_1524589295.7048495.png
zari_1524589295.7048495.txt, záři_1524589295.7048495.txt
sceny_1524589364.8034594.png, scény_1524589364.8034594.png
sceny_1524589364.8034594.txt, scény_1524589364.8034594.txt
uprave_1524589394.306539.png, úpravě_1524589394.306539.png
uprave_1524589394.306539.txt, úpravě_1524589394.306539.txt
efektech_1524589408.49104.png, efektech_1524589408.49104.png
efektech_1524589408.49104.txt, efektech_1524589408.49104.txt
cast_1524589452.1800482.png, část_1524589452.1800482.png
cast_1524589452.1800482.txt, část_1524589452.1800482.txt
vezeni_1524589490.5297813.png, vězení_1524589490.5297813.png
vezeni_1524589490.5297813.txt, vězení_1524589490.5297813.txt
nepovedla_1524589545.6932507.png, nepovedla_1524589545.6932507.png
nepovedla_1524589545.6932507.txt, nepovedla_1524589545.6932507.txt
vyprava_1524589559.3072557.png, výprava_1524589559.3072557.png
vyprava_1524589559.3072557.txt, výprava_1524589559.3072557.txt
Hra_1524589626.4804344.png, Hra_1524589626.4804344.png
Hra_1524589626.4804344.txt, Hra_1524589626.4804344.txt
take_1524589629.499942.png, také_1524589629.499942.png
take_1524589629.499942.txt, také_1524589629.499942.txt
pani_1524589650.6627476.png, paní_1524589650.6627476.png
pani_1524589650.6627476.txt, paní_1524589650.6627476.txt
deti_1524589709.2837293.png, dětí_1524589709.2837293.png
deti_1524589709.2837293.txt, dětí_1524589709.2837293.txt
oblekani_1524589716.8044167.png, oblékání_1524589716.8044167.png
oblekani_1524589716.8044167.txt, oblékání_1524589716.8044167.txt
tanec_1524589842.2384279.png, tanec_1524589842.2384279.png
tanec_1524589842.2384279.txt, tanec_1524589842.2384279.txt
prospech_1524589904.0028367.png, prospěch_1524589904.0028367.png
prospech_1524589904.0028367.txt, prospěch_1524589904.0028367.txt
rizen_1524589918.8272338.png, řízen_1524589918.8272338.png
rizen_1524589918.8272338.txt, řízen_1524589918.8272338.txt
skolni_1524589934.0943646.png, školní_1524589934.0943646.png
skolni_1524589934.0943646.txt, školní_1524589934.0943646.txt
slzam_1524589986.870594.png, slzám_1524589986.870594.png
slzam_1524589986.870594.txt, slzám_1524589986.870594.txt
navrat_1524590023.1517851.png, návrat_1524590023.1517851.png
navrat_1524590023.1517851.txt, návrat_1524590023.1517851.txt
spadu_1524590090.4865482.png, spádu_1524590090.4865482.png
spadu_1524590090.4865482.txt, spádu_1524590090.4865482.txt
tomu_1524590226.3315618.png, tomu_1524590226.3315618.png
tomu_1524590226.3315618.txt, tomu_1524590226.3315618.txt
casova_1524590676.7087977.png, časová_1524590676.7087977.png
casova_1524590676.7087977.txt, časová_1524590676.7087977.txt
star_1524590701.4085941.png, star_1524590701.4085941.png
star_1524590701.4085941.txt, star_1524590701.4085941.txt
zhotovil_1524590817.5582643.png, zhotovil_1524590817.5582643.png
zhotovil_1524590817.5582643.txt, zhotovil_1524590817.5582643.txt
stroj_1524590829.040007.png, stroj_1524590829.040007.png
stroj_1524590829.040007.txt, stroj_1524590829.040007.txt
sluha_1524591240.3614209.png, sluha_1524591240.3614209.png
sluha_1524591240.3614209.txt, sluha_1524591240.3614209.txt
jednanich_1524591346.3171694.png, jednáních_1524591346.3171694.png
jednanich_1524591346.3171694.txt, jednáních_1524591346.3171694.txt
jednani_1524591480.5707736.png, jednání_1524591480.5707736.png
jednani_1524591480.5707736.txt, jednání_1524591480.5707736.txt
role_1524591556.2398725.png, role_1524591556.2398725.png
role_1524591556.2398725.txt, role_1524591556.2398725.txt
rod_1524591561.40505.png, rod_1524591561.40505.png
rod_1524591561.40505.txt, rod_1524591561.40505.txt
s_1524591597.6946654.png, s_1524591597.6946654.png
s_1524591597.6946654.txt, s_1524591597.6946654.txt
zadosti_1524591608.376866.png, žádosti_1524591608.376866.png
zadosti_1524591608.376866.txt, žádosti_1524591608.376866.txt
ochotou_1524591615.7660718.png, ochotou_1524591615.7660718.png
ochotou_1524591615.7660718.txt, ochotou_1524591615.7660718.txt
ve_1524591622.0586903.png, ve_1524591622.0586903.png
ve_1524591622.0586903.txt, ve_1524591622.0586903.txt
zad_1524591853.0723047.png, zad_1524591853.0723047.png
zad_1524591853.0723047.txt, zad_1524591853.0723047.txt
rozhrnuti_1524591878.9552526.png, rozhrnutí_1524591878.9552526.png
rozhrnuti_1524591878.9552526.txt, rozhrnutí_1524591878.9552526.txt
osvetleni_1524591951.8309565.png, osvětlení_1524591951.8309565.png
osvetleni_1524591951.8309565.txt, osvětlení_1524591951.8309565.txt
drobnosti_1524591986.4533603.png, drobnosti_1524591986.4533603.png
drobnosti_1524591986.4533603.txt, drobnosti_1524591986.4533603.txt
zidle_1524591995.7657182.png, židle_1524591995.7657182.png
zidle_1524591995.7657182.txt, židle_1524591995.7657182.txt
vchodu_1524592047.0705998.png, vchodu_1524592047.0705998.png
vchodu_1524592047.0705998.txt, vchodu_1524592047.0705998.txt
v_1524592052.490415.png, v_1524592052.490415.png
v_1524592052.490415.txt, v_1524592052.490415.txt
s_1524592094.0593662.png, s_1524592094.0593662.png
s_1524592094.0593662.txt, s_1524592094.0593662.txt
se_1524592117.6157832.png, se_1524592117.6157832.png
se_1524592117.6157832.txt, se_1524592117.6157832.txt
asi_1524592217.0114908.png, asi_1524592217.0114908.png
asi_1524592217.0114908.txt, asi_1524592217.0114908.txt
utrpela_1524592224.7288432.png, utrpěla_1524592224.7288432.png
utrpela_1524592224.7288432.txt, utrpěla_1524592224.7288432.txt
z_1524592297.6949866.png, z_1524592297.6949866.png
z_1524592297.6949866.txt, z_1524592297.6949866.txt
hudba_1524592311.4590044.png, hudba_1524592311.4590044.png
hudba_1524592311.4590044.txt, hudba_1524592311.4590044.txt
svou_1524592333.3965127.png, svou_1524592333.3965127.png
svou_1524592333.3965127.txt, svou_1524592333.3965127.txt
vice_1524592346.0953574.png, více_1524592346.0953574.png
vice_1524592346.0953574.txt, více_1524592346.0953574.txt
slovni_1524592363.2068694.png, slovní_1524592363.2068694.png
slovni_1524592363.2068694.txt, slovní_1524592363.2068694.txt
ani_1524592433.297812.png, ani_1524592433.297812.png
ani_1524592433.297812.txt, ani_1524592433.297812.txt
rozruchu_1524592459.9356563.png, rozruchu_1524592459.9356563.png
rozruchu_1524592459.9356563.txt, rozruchu_1524592459.9356563.txt
naladova_1524592504.6243207.png, náladová_1524592504.6243207.png
naladova_1524592504.6243207.txt, náladová_1524592504.6243207.txt
velmi_1524592556.1473296.png, velmi_1524592556.1473296.png
velmi_1524592556.1473296.txt, velmi_1524592556.1473296.txt
chvili_1524592604.2691162.png, chvíli_1524592604.2691162.png
chvili_1524592604.2691162.txt, chvíli_1524592604.2691162.txt
ale_1524592606.403816.png, ale_1524592606.403816.png
ale_1524592606.403816.txt, ale_1524592606.403816.txt
starsi_1524592624.5416079.png, starší_1524592624.5416079.png
starsi_1524592624.5416079.txt, starší_1524592624.5416079.txt
byti_1524592632.5209095.png, býti_1524592632.5209095.png
byti_1524592632.5209095.txt, býti_1524592632.5209095.txt
jeho_1524592991.8803027.png, jeho_1524592991.8803027.png
jeho_1524592991.8803027.txt, jeho_1524592991.8803027.txt
nez_1524593069.1048148.png, než_1524593069.1048148.png
nez_1524593069.1048148.txt, než_1524593069.1048148.txt
skoncil_1524593078.402689.png, skončil_1524593078.402689.png
skoncil_1524593078.402689.txt, skončil_1524593078.402689.txt
prece_1524593096.1383379.png, přece_1524593096.1383379.png
prece_1524593096.1383379.txt, přece_1524593096.1383379.txt
ze_1524593131.004092.png, ze_1524593131.004092.png
ze_1524593131.004092.txt, ze_1524593131.004092.txt
take_1524593211.0460505.png, také_1524593211.0460505.png
take_1524593211.0460505.txt, také_1524593211.0460505.txt
tim_1524593215.1009777.png, tím_1524593215.1009777.png
tim_1524593215.1009777.txt, tím_1524593215.1009777.txt
kvalit_1524593247.7962353.png, kvalit_1524593247.7962353.png
kvalit_1524593247.7962353.txt, kvalit_1524593247.7962353.txt
bez_1524593250.529551.png, bez_1524593250.529551.png
bez_1524593250.529551.txt, bez_1524593250.529551.txt
sedlak_1524593382.3322437.png, sedlák_1524593382.3322437.png
sedlak_1524593382.3322437.txt, sedlák_1524593382.3322437.txt
lepsiho_1524595847.6866791.png, lepšího_1524595847.6866791.png
lepsiho_1524595847.6866791.txt, lepšího_1524595847.6866791.txt
jeste_1524595854.61011.png, ještě_1524595854.61011.png
jeste_1524595854.61011.txt, ještě_1524595854.61011.txt
pomahal_1524595866.9635077.png, pomáhal_1524595866.9635077.png
pomahal_1524595866.9635077.txt, pomáhal_1524595866.9635077.txt
ochotne_1524595918.914375.png, ochotně_1524595918.914375.png
ochotne_1524595918.914375.txt, ochotně_1524595918.914375.txt
prece_1524595969.401308.png, přece_1524595969.401308.png
prece_1524595969.401308.txt, přece_1524595969.401308.txt
chuda_1524595981.420073.png, chudá_1524595981.420073.png
chuda_1524595981.420073.txt, chudá_1524595981.420073.txt
neminula_1524595991.1917827.png, neminula_1524595991.1917827.png
neminula_1524595991.1917827.txt, neminula_1524595991.1917827.txt
velice_1524595996.1747973.png, velice_1524595996.1747973.png
velice_1524595996.1747973.txt, velice_1524595996.1747973.txt
kvetna_1524596753.5652533.png, května_1524596753.5652533.png
kvetna_1524596753.5652533.txt, května_1524596753.5652533.txt
v_1524596757.6442463.png, v_1524596757.6442463.png
v_1524596757.6442463.txt, v_1524596757.6442463.txt
vse_1524596783.4843147.png, vše_1524596783.4843147.png
vse_1524596783.4843147.txt, vše_1524596783.4843147.txt
celek_1524596790.7391129.png, celek_1524596790.7391129.png
celek_1524596790.7391129.txt, celek_1524596790.7391129.txt
a_1524597023.2978108.png, a_1524597023.2978108.png
a_1524597023.2978108.txt, a_1524597023.2978108.txt
sice_1524597026.1732242.png, sice_1524597026.1732242.png
sice_1524597026.1732242.txt, sice_1524597026.1732242.txt
ucinku_1524597792.4571748.png, účinku_1524597792.4571748.png
ucinku_1524597792.4571748.txt, účinku_1524597792.4571748.txt
ji_1524597936.1174078.png, jí_1524597936.1174078.png
ji_1524597936.1174078.txt, jí_1524597936.1174078.txt
srpna_1524597982.5448158.png, srpna_1524597982.5448158.png
srpna_1524597982.5448158.txt, srpna_1524597982.5448158.txt
nejlepsi_1524597994.2095506.png, nejlepší_1524597994.2095506.png
nejlepsi_1524597994.2095506.txt, nejlepší_1524597994.2095506.txt
Poprve_1524598111.7259564.png, Poprvé_1524598111.7259564.png
Poprve_1524598111.7259564.txt, Poprvé_1524598111.7259564.txt
ucinku_1524598285.1851125.png, účinku_1524598285.1851125.png
ucinku_1524598285.1851125.txt, účinku_1524598285.1851125.txt
pekneho_1524598293.5488596.png, pěkného_1524598293.5488596.png
pekneho_1524598293.5488596.txt, pěkného_1524598293.5488596.txt
nechci_1524598362.3858943.png, nechci_1524598362.3858943.png
nechci_1524598362.3858943.txt, nechci_1524598362.3858943.txt
sebe_1524598568.8318808.png, sebe_1524598568.8318808.png
sebe_1524598568.8318808.txt, sebe_1524598568.8318808.txt
kvitovati_1524598985.0359669.png, kvitovati_1524598985.0359669.png
kvitovati_1524598985.0359669.txt, kvitovati_1524598985.0359669.txt
vzdati_1524599010.5960643.png, vzdáti_1524599010.5960643.png
vzdati_1524599010.5960643.txt, vzdáti_1524599010.5960643.txt
ze_1524599043.8297303.png, že_1524599043.8297303.png
ze_1524599043.8297303.txt, že_1524599043.8297303.txt
toho_1524599060.8892338.png, toho_1524599060.8892338.png
toho_1524599060.8892338.txt, toho_1524599060.8892338.txt
brano_1524599361.1592133.png, bráno_1524599361.1592133.png
brano_1524599361.1592133.txt, bráno_1524599361.1592133.txt
ucast_1524599368.2968616.png, účast_1524599368.2968616.png
ucast_1524599368.2968616.txt, účast_1524599368.2968616.txt
sceny_1524599375.4769254.png, scény_1524599375.4769254.png
sceny_1524599375.4769254.txt, scény_1524599375.4769254.txt
i_1524599466.2182488.png, i_1524599466.2182488.png
i_1524599466.2182488.txt, i_1524599466.2182488.txt
velka_1524599482.7281902.png, velká_1524599482.7281902.png
velka_1524599482.7281902.txt, velká_1524599482.7281902.txt
lilo_1524599558.0626867.png, lilo_1524599558.0626867.png
lilo_1524599558.0626867.txt, lilo_1524599558.0626867.txt
uspechu_1524602152.3513834.png, úspěchu_1524602152.3513834.png
uspechu_1524602152.3513834.txt, úspěchu_1524602152.3513834.txt
radna_1524602200.956918.png, řádná_1524602200.956918.png
radna_1524602200.956918.txt, řádná_1524602200.956918.txt
ni_1524602206.2340496.png, ní_1524602206.2340496.png
ni_1524602206.2340496.txt, ní_1524602206.2340496.txt
jezto_1524602226.8480668.png, ježto_1524602226.8480668.png
jezto_1524602226.8480668.txt, ježto_1524602226.8480668.txt
peci_1524602252.630128.png, péči_1524602252.630128.png
peci_1524602252.630128.txt, péči_1524602252.630128.txt
moznym_1524602292.0003393.png, možným_1524602292.0003393.png
moznym_1524602292.0003393.txt, možným_1524602292.0003393.txt
dik_1524602347.2653005.png, dík_1524602347.2653005.png
dik_1524602347.2653005.txt, dík_1524602347.2653005.txt
pri_1524602360.7037625.png, při_1524602360.7037625.png
pri_1524602360.7037625.txt, při_1524602360.7037625.txt
manipulace_1524602379.2420688.png, manipulace_1524602379.2420688.png
manipulace_1524602379.2420688.txt, manipulace_1524602379.2420688.txt
bude_1524602446.393196.png, bude_1524602446.393196.png
bude_1524602446.393196.txt, bude_1524602446.393196.txt
z_1524602477.9724753.png, z_1524602477.9724753.png
z_1524602477.9724753.txt, z_1524602477.9724753.txt
podlahou_1524602492.6165037.png, podlahou_1524602492.6165037.png
podlahou_1524602492.6165037.txt, podlahou_1524602492.6165037.txt
stodola_1524602537.1500344.png, stodola_1524602537.1500344.png
stodola_1524602537.1500344.txt, stodola_1524602537.1500344.txt
zaclonkami_1524602596.6387064.png, záclonkami_1524602596.6387064.png
zaclonkami_1524602596.6387064.txt, záclonkami_1524602596.6387064.txt
obrazu_1524602625.8037648.png, obrazů_1524602625.8037648.png
obrazu_1524602625.8037648.txt, obrazů_1524602625.8037648.txt
vymenou_1524602633.3592827.png, výměnou_1524602633.3592827.png
vymenou_1524602633.3592827.txt, výměnou_1524602633.3592827.txt
a_1524602635.6249425.png, a_1524602635.6249425.png
a_1524602635.6249425.txt, a_1524602635.6249425.txt
ve_1524602650.3343.png, ve_1524602650.3343.png
ve_1524602650.3343.txt, ve_1524602650.3343.txt
postavena_1524602697.1135442.png, postavena_1524602697.1135442.png
postavena_1524602697.1135442.txt, postavena_1524602697.1135442.txt
svet_1524602716.8929932.png, svět_1524602716.8929932.png
svet_1524602716.8929932.txt, svět_1524602716.8929932.txt
ducha_1524602832.2009873.png, ducha_1524602832.2009873.png
ducha_1524602832.2009873.txt, ducha_1524602832.2009873.txt
nez_1524602954.2933917.png, než_1524602954.2933917.png
nez_1524602954.2933917.txt, než_1524602954.2933917.txt
sklamala_1524602967.0621345.png, sklamala_1524602967.0621345.png
sklamala_1524602967.0621345.txt, sklamala_1524602967.0621345.txt
smeru_1524603009.262807.png, směru_1524603009.262807.png
smeru_1524603009.262807.txt, směru_1524603009.262807.txt
jejiz_1524603112.0123355.png, jejíž_1524603112.0123355.png
jejiz_1524603112.0123355.txt, jejíž_1524603112.0123355.txt
i_1524603219.028765.png, i_1524603219.028765.png
i_1524603219.028765.txt, i_1524603219.028765.txt
a_1524603298.6680105.png, a_1524603298.6680105.png
a_1524603298.6680105.txt, a_1524603298.6680105.txt
zastreli_1524603308.0835888.png, zastřelí_1524603308.0835888.png
zastreli_1524603308.0835888.txt, zastřelí_1524603308.0835888.txt
Petr_1524603326.318941.png, Petr_1524603326.318941.png
Petr_1524603326.318941.txt, Petr_1524603326.318941.txt
ponekud_1524603404.6415026.png, poněkud_1524603404.6415026.png
ponekud_1524603404.6415026.txt, poněkud_1524603404.6415026.txt
pozornost_1524603458.936942.png, pozornost_1524603458.936942.png
pozornost_1524603458.936942.txt, pozornost_1524603458.936942.txt
a_1524519480.5092137.png, a_1524519480.5092137.png
a_1524519480.5092137.txt, a_1524519480.5092137.txt
a_1524519692.5102866.png, a_1524519692.5102866.png
a_1524519692.5102866.txt, a_1524519692.5102866.txt
a_1524588497.483587.png, a_1524588497.483587.png
a_1524588497.483587.txt, a_1524588497.483587.txt
a_1524592214.2986786.png, a_1524592214.2986786.png
a_1524592214.2986786.txt, a_1524592214.2986786.txt
a_1524593147.3578424.png, a_1524593147.3578424.png
a_1524593147.3578424.txt, a_1524593147.3578424.txt
ale_1524595788.5235717.png, ale_1524595788.5235717.png
ale_1524595788.5235717.txt, ale_1524595788.5235717.txt
bez_1524580636.071492.png, bez_1524580636.071492.png
bez_1524580636.071492.txt, bez_1524580636.071492.txt
byla_1524602767.001207.png, byla_1524602767.001207.png
byla_1524602767.001207.txt, byla_1524602767.001207.txt
byli_1524516625.5434425.png, byli_1524516625.5434425.png
byli_1524516625.5434425.txt, byli_1524516625.5434425.txt
dle_1524589547.624182.png, dle_1524589547.624182.png
dle_1524589547.624182.txt, dle_1524589547.624182.txt
Dub_1524590821.4234123.png, Dub_1524590821.4234123.png
Dub_1524590821.4234123.txt, Dub_1524590821.4234123.txt
Hra_1524590243.9014559.png, Hra_1524590243.9014559.png
Hra_1524590243.9014559.txt, Hra_1524590243.9014559.txt
hral_1524591553.498814.png, hrál_1524591553.498814.png
hral_1524591553.498814.txt, hrál_1524591553.498814.txt
hry_1524602800.5933363.png, hry_1524602800.5933363.png
hry_1524602800.5933363.txt, hry_1524602800.5933363.txt
i_1524592319.1985354.png, i_1524592319.1985354.png
i_1524592319.1985354.txt, i_1524592319.1985354.txt
jez_1524596003.5313365.png, jež_1524596003.5313365.png
jez_1524596003.5313365.txt, jež_1524596003.5313365.txt
kvetna_1524580666.2010486.png, května_1524580666.2010486.png
kvetna_1524580666.2010486.txt, května_1524580666.2010486.txt
lepe_1524596019.8818152.png, lépe_1524596019.8818152.png
lepe_1524596019.8818152.txt, lépe_1524596019.8818152.txt
mel_1524592611.9511201.png, měl_1524592611.9511201.png
mel_1524592611.9511201.txt, měl_1524592611.9511201.txt
na_1524591170.0906389.png, na_1524591170.0906389.png
na_1524591170.0906389.txt, na_1524591170.0906389.txt
na_1524602928.4656177.png, na_1524602928.4656177.png
na_1524602928.4656177.txt, na_1524602928.4656177.txt
nez_1524519554.6171317.png, něž_1524519554.6171317.png
nez_1524519554.6171317.txt, něž_1524519554.6171317.txt
Novaka_1524580891.5183928.png, Nováka_1524580891.5183928.png
Novaka_1524580891.5183928.txt, Nováka_1524580891.5183928.txt
o_1524519478.7979174.png, o_1524519478.7979174.png
o_1524519478.7979174.txt, o_1524519478.7979174.txt
obou_1524598912.3067942.png, obou_1524598912.3067942.png
obou_1524598912.3067942.txt, obou_1524598912.3067942.txt
obsazeni_1524514646.6071055.png, obsazení_1524514646.6071055.png
obsazeni_1524514646.6071055.txt, obsazení_1524514646.6071055.txt
ochotu_1524598942.7213798.png, ochotu_1524598942.7213798.png
ochotu_1524598942.7213798.txt, ochotu_1524598942.7213798.txt
od_1524592152.058905.png, od_1524592152.058905.png
od_1524592152.058905.txt, od_1524592152.058905.txt
p_1524578865.0020356.png, p_1524578865.0020356.png
p_1524578865.0020356.txt, p_1524578865.0020356.txt
p_1524591517.5613427.png, p_1524591517.5613427.png
p_1524591517.5613427.txt, p_1524591517.5613427.txt
pani_1524578877.5081291.png, paní_1524578877.5081291.png
pani_1524578877.5081291.txt, paní_1524578877.5081291.txt
pekneho_1524597763.7538075.png, pěkného_1524597763.7538075.png
pekneho_1524597763.7538075.txt, pěkného_1524597763.7538075.txt
posledni_1524602938.3763795.png, poslední_1524602938.3763795.png
posledni_1524602938.3763795.txt, poslední_1524602938.3763795.txt
pro_1524591675.8293002.png, pro_1524591675.8293002.png
pro_1524591675.8293002.txt, pro_1524591675.8293002.txt
roli_1524588661.7935984.png, rolí_1524588661.7935984.png
roli_1524588661.7935984.txt, rolí_1524588661.7935984.txt
s_1524598304.1361315.png, s_1524598304.1361315.png
s_1524598304.1361315.txt, s_1524598304.1361315.txt
scana_1524602389.277863.png, scána_1524602389.277863.png
scana_1524602389.277863.txt, scána_1524602389.277863.txt
se_1524602144.1829488.png, se_1524602144.1829488.png
se_1524602144.1829488.txt, se_1524602144.1829488.txt
sedlak_1524593045.8564503.png, sedlák_1524593045.8564503.png
sedlak_1524593045.8564503.txt, sedlák_1524593045.8564503.txt
sice_1524598092.5378118.png, sice_1524598092.5378118.png
sice_1524598092.5378118.txt, sice_1524598092.5378118.txt
take_1524516549.5822659.png, také_1524516549.5822659.png
take_1524516549.5822659.txt, také_1524516549.5822659.txt
take_1524592288.967167.png, také_1524592288.967167.png
take_1524592288.967167.txt, také_1524592288.967167.txt
to_1524589550.7821186.png, to_1524589550.7821186.png
to_1524589550.7821186.txt, to_1524589550.7821186.txt
to_1524602795.275693.png, to_1524602795.275693.png
to_1524602795.275693.txt, to_1524602795.275693.txt
tu_1524591324.7917233.png, tu_1524591324.7917233.png
tu_1524591324.7917233.txt, tu_1524591324.7917233.txt
ve_1524515046.770103.png, ve_1524515046.770103.png
ve_1524515046.770103.txt, ve_1524515046.770103.txt
velice_1524599379.1986878.png, velice_1524599379.1986878.png
velice_1524599379.1986878.txt, velice_1524599379.1986878.txt
z_1524591588.1543186.png, z_1524591588.1543186.png
z_1524591588.1543186.txt, z_1524591588.1543186.txt
za_1524589906.6609583.png, za_1524589906.6609583.png
za_1524589906.6609583.txt, za_1524589906.6609583.txt
ze_1524515951.1154408.png, že_1524515951.1154408.png
ze_1524515951.1154408.txt, že_1524515951.1154408.txt
